"Address","Occurrences","Meta Keywords 1","Meta Keywords 1 Length","Indexability","Indexability Status"
"https://www.sportsactiontv.com/","0","","0","Indexable",""
"https://www.sportsactiontv.com/event-details/beach-bash-lake-view-motor-speedway","0","","0","Indexable",""
"https://www.sportsactiontv.com/event-details/thanksgiving-rumble","0","","0","Indexable",""
"https://www.sportsactiontv.com/event-details/world-100","0","","0","Indexable",""
"https://www.sportsactiontv.com/event-list","0","","0","Indexable",""
"https://www.sportsactiontv.com/event-details/rain-out-classic","0","","0","Indexable",""
"https://www.sportsactiontv.com/event-details/jr-johnson-eddie-mishue-memorial-1","0","","0","Indexable",""
"https://www.sportsactiontv.com/event-details/jr-johnson-eddie-mishue-memorial","0","","0","Indexable",""
"https://www.sportsactiontv.com/event-details/17th-annual-race-for-the-kids-modified-mafia-tour","0","","0","Indexable",""
