"Address","Occurrences","Meta Description 1","Meta Description 1 Length","Meta Description 1 Pixel Width","Indexability","Indexability Status"
"https://www.sportsactiontv.com/","1","Enjoy live dirt track events and more on Sports Action TV. Join us for thrilling racing coverage.","97","576","Indexable",""
"https://www.sportsactiontv.com/event-details/beach-bash-lake-view-motor-speedway","0","","0","0","Indexable",""
"https://www.sportsactiontv.com/event-details/thanksgiving-rumble","1","Paradise Raceway in Sellers, SC","31","195","Indexable",""
"https://www.sportsactiontv.com/event-details/world-100","1","Cross Roads Motorplex in Jasper, FL","35","227","Indexable",""
"https://www.sportsactiontv.com/event-list","0","","0","0","Indexable",""
"https://www.sportsactiontv.com/event-details/rain-out-classic","1","Lakeview motor-speedway in Nichols, SC","38","252","Indexable",""
"https://www.sportsactiontv.com/event-details/jr-johnson-eddie-mishue-memorial-1","1","The Jr Johnson & Eddie Mishue Memorial at the fast Low Country Kartway in Aynor, Sc","83","536","Indexable",""
"https://www.sportsactiontv.com/event-details/jr-johnson-eddie-mishue-memorial","1","Low country Kartway in Aynor, SC","32","211","Indexable",""
"https://www.sportsactiontv.com/event-details/17th-annual-race-for-the-kids-modified-mafia-tour","1","17th Annual Race For The Kids by The Modified Mafia Tour, LIVE @ County Line Raceway Elm City, NC","97","628","Indexable",""
