"Address","Occurrences","Title 1","Title 1 Length","Title 1 Pixel Width","Indexability","Indexability Status"
"https://www.sportsactiontv.com/","1","Dirt Track Events | Sports Action TV - Online Racing Coverage","61","545","Indexable",""
"https://www.sportsactiontv.com/event-details/beach-bash-lake-view-motor-speedway","1","Beach Bash - Lake View Motor Speedway | Sports Action TV","56","531","Indexable",""
"https://www.sportsactiontv.com/event-details/thanksgiving-rumble","1","Thanksgiving Rumble | Sports Action TV","38","356","Indexable",""
"https://www.sportsactiontv.com/event-details/world-100","1","World 100 | Sports Action TV","28","255","Indexable",""
"https://www.sportsactiontv.com/event-list","1","Events | Sports Action TV","25","225","Indexable",""
"https://www.sportsactiontv.com/event-details/rain-out-classic","1","Rain Out Classic | Sports Action TV","35","310","Indexable",""
"https://www.sportsactiontv.com/event-details/jr-johnson-eddie-mishue-memorial-1","1","Jr Johnson/Eddie Mishue Memorial | Sports Action TV","51","481","Indexable",""
"https://www.sportsactiontv.com/event-details/jr-johnson-eddie-mishue-memorial","1","Jr Johnson | Eddie Mishue Memorial | Sports Action TV","53","488","Indexable",""
"https://www.sportsactiontv.com/event-details/17th-annual-race-for-the-kids-modified-mafia-tour","1","17th Annual Race For The Kids - Modified Mafia Tour | Sports Action TV","70","634","Indexable",""
