"Address","Indexability","Indexability Status","rel=""next"" 1","rel=""prev"" 1","HTTP rel=""next"" 1","HTTP rel=""prev"" 1","Canonical Link Element 1","HTTP Canonical","Meta Robots 1","X-Robots-Tag 1"
"https://www.sportsactiontv.com/","Indexable","","","","","","https://www.sportsactiontv.com/","","",""
"https://www.sportsactiontv.com/event-details/beach-bash-lake-view-motor-speedway","Indexable","","","","","","https://www.sportsactiontv.com/event-details/beach-bash-lake-view-motor-speedway","","index",""
"https://www.sportsactiontv.com/event-details/thanksgiving-rumble","Indexable","","","","","","https://www.sportsactiontv.com/event-details/thanksgiving-rumble","","index",""
"https://www.sportsactiontv.com/event-details/world-100","Indexable","","","","","","https://www.sportsactiontv.com/event-details/world-100","","index",""
"https://www.sportsactiontv.com/event-list","Indexable","","","","","","https://www.sportsactiontv.com/event-list","","",""
"https://www.sportsactiontv.com/event-details/rain-out-classic","Indexable","","","","","","https://www.sportsactiontv.com/event-details/rain-out-classic","","index",""
"https://www.sportsactiontv.com/event-details/jr-johnson-eddie-mishue-memorial-1","Indexable","","","","","","https://www.sportsactiontv.com/event-details/jr-johnson-eddie-mishue-memorial-1","","index",""
"https://www.sportsactiontv.com/event-details/jr-johnson-eddie-mishue-memorial","Indexable","","","","","","https://www.sportsactiontv.com/event-details/jr-johnson-eddie-mishue-memorial","","index",""
"https://www.sportsactiontv.com/event-details/17th-annual-race-for-the-kids-modified-mafia-tour","Indexable","","","","","","https://www.sportsactiontv.com/event-details/17th-annual-race-for-the-kids-modified-mafia-tour","","index",""
